www.google.com,1.1.1.1
facebook.com,1.1.1.1
mail.google.com,1.1.1.1
news.yahoo.com,1.1.1.1
blog.amazon.com,1.1.1.1
developer.microsoft.com,1.1.1.1
support.apple.com,1.1.1.1
store.spotify.com,1.1.1.1
help.netflix.com,1.1.1.1
careers.tesla.com,1.1.1.1
cloud.ibm.com,1.1.1.1
community.salesforce.com,1.1.1.1
www.amazon.com,1.1.1.1
www.microsoft.com,1.1.1.1
www.apple.com,1.1.1.1
www.netflix.com,1.1.1.1
www.twitter.com,1.1.1.1
www.linkedin.com,1.1.1.1
www.reddit.com,1.1.1.1
www.youtube.com,1.1.1.1
www.instagram.com,1.1.1.1
www.pinterest.com,1.1.1.1
www.tumblr.com,1.1.1.1
www.github.com,1.1.1.1
www.stackoverflow.com,1.1.1.1
www.quora.com,1.1.1.1
www.dropbox.com,1.1.1.1
www.wikipedia.org,1.1.1.1
www.bing.com,1.1.1.1
www.yahoo.com,1.1.1.1
www.ebay.com,1.1.1.1
www.paypal.com,1.1.1.1
www.airbnb.com,1.1.1.1
www.twitch.tv,1.1.1.1
www.spotify.com,1.1.1.1
docs.google.com,1.1.1.1
maps.apple.com,1.1.1.1
developer.mozilla.org,1.1.1.1
music.youtube.com,1.1.1.1
cloudflare.com,1.1.1.1
news.bbc.co.uk,1.1.1.1
accounts.google.com,1.1.1.1
drive.google.com,1.1.1.1
search.yahoo.com,1.1.1.1
shopping.google.com,1.1.1.1
translate.google.com,1.1.1.1
calendar.google.com,1.1.1.1
photos.google.com,1.1.1.1
weather.yahoo.com,1.1.1.1
dev.to,1.1.1.1
news.microsoft.com,1.1.1.1
partner.microsoft.com,1.1.1.1
ads.google.com,1.1.1.1
ads.twitter.com,1.1.1.1
developer.android.com,1.1.1.1
store.google.com,1.1.1.1
play.google.com,1.1.1.1
www.nytimes.com,1.1.1.1
www.theguardian.com,1.1.1.1
www.forbes.com,1.1.1.1
www.bloomberg.com,1.1.1.1
blog.cloudflare.com,1.1.1.1
newsroom.cisco.com,1.1.1.1
shop.tesla.com,1.1.1.1
forums.apple.com,1.1.1.1
itunes.apple.com,1.1.1.1
cloud.ibm.com,1.1.1.1
status.microsoft.com,1.1.1.1
www.reddit.com,1.1.1.1
photos.apple.com,1.1.1.1
forums.google.com,1.1.1.1
www.medium.com,1.1.1.1
payments.google.com,1.1.1.1
www.uber.com,1.1.1.1
developers.facebook.com,1.1.1.1
www.quora.com,1.1.1.1
community.reddit.com,1.1.1.1
www.airbnb.com,1.1.1.1
www.booking.com,1.1.1.1
www.expedia.com,1.1.1.1
developer.apple.com,1.1.1.1
developer.spotify.com,1.1.1.1
cloud.amazon.com,1.1.1.1
partners.amazon.com,1.1.1.1
investor.apple.com,1.1.1.1
dev.twitter.com,1.1.1.1
www.etsy.com,1.1.1.1
www.target.com,1.1.1.1
www.walmart.com,1.1.1.1
partners.spotify.com,1.1.1.1
community.amazon.com,1.1.1.1
developer.ebay.com,1.1.1.1
help.microsoft.com,1.1.1.1
accounts.microsoft.com,1.1.1.1
developer.paypal.com,1.1.1.1
checkout.google.com,1.1.1.1
partners.google.com,1.1.1.1
checkout.apple.com,1.1.1.1
developers.google.com,1.1.1.1
partners.microsoft.com,1.1.1.1
www.appleid.apple.com,1.1.1.1
status.google.com,1.1.1.1
status.twitter.com,1.1.1.1
status.apple.com,1.1.1.1
cloud.google.com,1.1.1.1
translate.apple.com,1.1.1.1
search.google.com,1.1.1.1
weather.google.com,1.1.1.1
translate.bing.com,1.1.1.1
www.mail.google.com,1.1.1.1
dev.github.com,1.1.1.1
status.github.com,1.1.1.1
community.github.com,1.1.1.1
blog.github.com,1.1.1.1
ads.microsoft.com,1.1.1.1
blog.google.com,1.1.1.1
workspace.google.com,1.1.1.1
workspace.microsoft.com,1.1.1.1
ads.apple.com,1.1.1.1
developer.salesforce.com,1.1.1.1
community.salesforce.com,1.1.1.1
help.salesforce.com,1.1.1.1
blog.salesforce.com,1.1.1.1
ads.salesforce.com,1.1.1.1
ads.nvidia.com,1.1.1.1
help.nvidia.com,1.1.1.1
developer.nvidia.com,1.1.1.1
community.nvidia.com,1.1.1.1
partners.nvidia.com,1.1.1.1
ads.intel.com,1.1.1.1
developer.intel.com,1.1.1.1
community.intel.com,1.1.1.1
help.intel.com,1.1.1.1
blog.intel.com,1.1.1.1
ads.adobe.com,1.1.1.1
developer.adobe.com,1.1.1.1
community.adobe.com,1.1.1.1
help.adobe.com,1.1.1.1
partners.adobe.com,1.1.1.1
ads.oracle.com,1.1.1.1
developer.oracle.com,1.1.1.1
community.oracle.com,1.1.1.1
help.oracle.com,1.1.1.1
blog.oracle.com,1.1.1.1
ads.sap.com,1.1.1.1
developer.sap.com,1.1.1.1
community.sap.com,1.1.1.1
help.sap.com,1.1.1.1
partners.sap.com,1.1.1.1
ads.ibm.com,1.1.1.1
developer.ibm.com,1.1.1.1
community.ibm.com,1.1.1.1
help.ibm.com,1.1.1.1
blog.ibm.com,1.1.1.1
ads.sony.com,1.1.1.1
developer.sony.com,1.1.1.1
community.sony.com,1.1.1.1
help.sony.com,1.1.1.1
partners.sony.com,1.1.1.1
ads.samsung.com,1.1.1.1
developer.samsung.com,1.1.1.1
community.samsung.com,1.1.1.1
help.samsung.com,1.1.1.1
partners.samsung.com,1.1.1.1
ads.dell.com,1.1.1.1
developer.dell.com,1.1.1.1
community.dell.com,1.1.1.1
help.dell.com,1.1.1.1
partners.dell.com,1.1.1.1
ads.hp.com,1.1.1.1
developer.hp.com,1.1.1.1
community.hp.com,1.1.1.1
help.hp.com,1.1.1.1
partners.hp.com,1.1.1.1
ads.toyota.com,1.1.1.1
developer.toyota.com,1.1.1.1
community.toyota.com,1.1.1.1
help.toyota.com,1.1.1.1
partners.toyota.com,1.1.1.1
ads.honda.com,1.1.1.1
developer.honda.com,1.1.1.1
community.honda.com,1.1.1.1
help.honda.com,1.1.1.1
partners.honda.com,1.1.1.1
ads.bmw.com,1.1.1.1
developer.bmw.com,1.1.1.1
community.bmw.com,1.1.1.1
help.bmw.com,1.1.1.1
partners.bmw.com,1.1.1.1
ads.ford.com,1.1.1.1
developer.ford.com,1.1.1.1
community.ford.com,1.1.1.1
help.ford.com,1.1.1.1
partners.ford.com,1.1.1.1
ads.mercedes.com,1.1.1.1
developer.mercedes.com,1.1.1.1
community.mercedes.com,1.1.1.1
help.mercedes.com,1.1.1.1
partners.mercedes.com,1.1.1.1
ads.volkswagen.com,1.1.1.1
developer.volkswagen.com,1.1.1.1
community.volkswagen.com,1.1.1.1
help.volkswagen.com,1.1.1.1
partners.volkswagen.com,1.1.1.1
ads.fiat.com,1.1.1.1
developer.fiat.com,1.1.1.1
community.fiat.com,1.1.1.1
help.fiat.com,1.1.1.1
partners.fiat.com,1.1.1.1
ads.hyundai.com,1.1.1.1
developer.hyundai.com,1.1.1.1
community.hyundai.com,1.1.1.1
help.hyundai.com,1.1.1.1
partners.hyundai.com,1.1.1.1
ads.kia.com,1.1.1.1
developer.kia.com,1.1.1.1
community.kia.com,1.1.1.1
help.kia.com,1.1.1.1
partners.kia.com,1.1.1.1
ads.peugeot.com,1.1.1.1
developer.peugeot.com,1.1.1.1
community.peugeot.com,1.1.1.1
help.peugeot.com,1.1.1.1
partners.peugeot.com,1.1.1.1
ads.nissan.com,1.1.1.1
developer.nissan.com,1.1.1.1
community.nissan.com,1.1.1.1
help.nissan.com,1.1.1.1
partners.nissan.com,1.1.1.1
ads.renault.com,1.1.1.1
developer.renault.com,1.1.1.1
community.renault.com,1.1.1.1
help.renault.com,1.1.1.1
partners.renault.com,1.1.1.1
ads.mitsubishi.com,1.1.1.1
developer.mitsubishi.com,1.1.1.1
community.mitsubishi.com,1.1.1.1
help.mitsubishi.com,1.1.1.1
partners.mitsubishi.com,1.1.1.1
ads.suzuki.com,1.1.1.1
developer.suzuki.com,1.1.1.1
community.suzuki.com,1.1.1.1
help.suzuki.com,1.1.1.1
partners.suzuki.com,1.1.1.1
ads.mazda.com,1.1.1.1
developer.mazda.com,1.1.1.1
community.mazda.com,1.1.1.1
help.mazda.com,1.1.1.1
partners.mazda.com,1.1.1.1
ads.hummer.com,1.1.1.1
developer.hummer.com,1.1.1.1
community.hummer.com,1.1.1.1
help.hummer.com,1.1.1.1
partners.hummer.com,1.1.1.1
ads.acura.com,1.1.1.1
developer.acura.com,1.1.1.1
community.acura.com,1.1.1.1
help.acura.com,1.1.1.1
partners.acura.com,1.1.1.1
ads.lexus.com,1.1.1.1
developer.lexus.com,1.1.1.1
community.lexus.com,1.1.1.1
help.lexus.com,1.1.1.1
partners.lexus.com,1.1.1.1
ads.infinion.com,1.1.1.1
developer.infinion.com,1.1.1.1
community.infinion.com,1.1.1.1
help.infinion.com,1.1.1.1
partners.infinion.com,1.1.1.1
ads.asus.com,1.1.1.1
developer.asus.com,1.1.1.1
community.asus.com,1.1.1.1
help.asus.com,1.1.1.1
partners.asus.com,1.1.1.1
ads.acer.com,1.1.1.1
developer.acer.com,1.1.1.1
community.acer.com,1.1.1.1
help.acer.com,1.1.1.1
partners.acer.com,1.1.1.1
ads.lenovo.com,1.1.1.1
developer.lenovo.com,1.1.1.1
community.lenovo.com,1.1.1.1
help.lenovo.com,1.1.1.1
partners.lenovo.com,1.1.1.1
ads.raspberrypi.com,1.1.1.1
developer.raspberrypi.com,1.1.1.1
community.raspberrypi.com,1.1.1.1
help.raspberrypi.com,1.1.1.1
partners.raspberrypi.com,1.1.1.1
ads.arduino.cc,1.1.1.1
developer.arduino.cc,1.1.1.1
community.arduino.cc,1.1.1.1
help.arduino.cc,1.1.1.1
partners.arduino.cc,1.1.1.1
ads.ti.com,1.1.1.1
developer.ti.com,1.1.1.1
community.ti.com,1.1.1.1
help.ti.com,1.1.1.1
partners.ti.com,1.1.1.1
ads.xilinx.com,1.1.1.1
developer.xilinx.com,1.1.1.1
community.xilinx.com,1.1.1.1
help.xilinx.com,1.1.1.1
partners.xilinx.com,1.1.1.1
ads.arm.com,1.1.1.1
developer.arm.com,1.1.1.1
community.arm.com,1.1.1.1
help.arm.com,1.1.1.1
partners.arm.com,1.1.1.1
ads.nxp.com,1.1.1.1
developer.nxp.com,1.1.1.1
community.nxp.com,1.1.1.1
help.nxp.com,1.1.1.1
partners.nxp.com,1.1.1.1
ads.microchip.com,1.1.1.1
developer.microchip.com,1.1.1.1
community.microchip.com,1.1.1.1
help.microchip.com,1.1.1.1
partners.microchip.com,1.1.1.1
ads.intel.com,1.1.1.1
developer.intel.com,1.1.1.1
community.intel.com,1.1.1.1
help.intel.com,1.1.1.1
partners.intel.com,1.1.1.1
ads.amd.com,1.1.1.1
developer.amd.com,1.1.1.1
community.amd.com,1.1.1.1
help.amd.com,1.1.1.1
partners.amd.com,1.1.1.1
ads.analog.com,1.1.1.1
developer.analog.com,1.1.1.1
community.analog.com,1.1.1.1
help.analog.com,1.1.1.1
partners.analog.com,1.1.1.1
ads.qualcomm.com,1.1.1.1
developer.qualcomm.com,1.1.1.1
community.qualcomm.com,1.1.1.1
help.qualcomm.com,1.1.1.1
partners.qualcomm.com,1.1.1.1
ads.broadcom.com,1.1.1.1
developer.broadcom.com,1.1.1.1
community.broadcom.com,1.1.1.1
help.broadcom.com,1.1.1.1
partners.broadcom.com,1.1.1.1
ads.st.com,1.1.1.1
developer.st.com,1.1.1.1
community.st.com,1.1.1.1
help.st.com,1.1.1.1
partners.st.com,1.1.1.1
ads.onsemi.com,1.1.1.1
developer.onsemi.com,1.1.1.1
community.onsemi.com,1.1.1.1
help.onsemi.com,1.1.1.1
partners.onsemi.com,1.1.1.1
ads.infineon.com,1.1.1.1
developer.infineon.com,1.1.1.1
community.infineon.com,1.1.1.1
help.infineon.com,1.1.1.1
partners.infineon.com,1.1.1.1
ads.micron.com,1.1.1.1
developer.micron.com,1.1.1.1
community.micron.com,1.1.1.1
help.micron.com,1.1.1.1
partners.micron.com,1.1.1.1
ads.nvidia.com,1.1.1.1
developer.nvidia.com,1.1.1.1
community.nvidia.com,1.1.1.1
help.nvidia.com,1.1.1.1
partners.nvidia.com,1.1.1.1
ads.tsmc.com,1.1.1.1
developer.tsmc.com,1.1.1.1
community.tsmc.com,1.1.1.1
help.tsmc.com,1.1.1.1
partners.tsmc.com,1.1.1.1
ads.globalfoundries.com,1.1.1.1
developer.globalfoundries.com,1.1.1.1
community.globalfoundries.com,1.1.1.1
help.globalfoundries.com,1.1.1.1
partners.globalfoundries.com,1.1.1.1
ads.umc.com,1.1.1.1
developer.umc.com,1.1.1.1
community.umc.com,1.1.1.1
help.umc.com,1.1.1.1
partners.umc.com,1.1.1.1
ads.smics.com,1.1.1.1
developer.smics.com,1.1.1.1
community.smics.com,1.1.1.1
help.smics.com,1.1.1.1
partners.smics.com,1.1.1.1
ads.towersemi.com,1.1.1.1
developer.towersemi.com,1.1.1.1
community.towersemi.com,1.1.1.1
help.towersemi.com,1.1.1.1
partners.towersemi.com,1.1.1.1
ads.sia.com,1.1.1.1
developer.sia.com,1.1.1.1
community.sia.com,1.1.1.1
help.sia.com,1.1.1.1
partners.sia.com,1.1.1.1
ads.semicon.com,1.1.1.1
developer.semicon.com,1.1.1.1
community.semicon.com,1.1.1.1
help.semicon.com,1.1.1.1
partners.semicon.com,1.1.1.1
ads.mosfet.com,1.1.1.1
developer.mosfet.com,1.1.1.1
community.mosfet.com,1.1.1.1
help.mosfet.com,1.1.1.1
partners.mosfet.com,1.1.1.1
ads.esec.com,1.1.1.1
developer.esec.com,1.1.1.1
community.esec.com,1.1.1.1
help.esec.com,1.1.1.1
partners.esec.com,1.1.1.1
ads.intellicon.com,1.1.1.1
developer.intellicon.com,1.1.1.1
community.intellicon.com,1.1.1.1
help.intellicon.com,1.1.1.1
partners.intellicon.com,1.1.1.1
ads.icsolutions.com,1.1.1.1
developer.icsolutions.com,1.1.1.1
community.icsolutions.com,1.1.1.1
help.icsolutions.com,1.1.1.1
partners.icsolutions.com,1.1.1.1
ads.semiconfoundries.com,1.1.1.1
developer.semiconfoundries.com,1.1.1.1
community.semiconfoundries.com,1.1.1.1
help.semiconfoundries.com,1.1.1.1
partners.semiconfoundries.com,1.1.1.1
ads.socfoundry.com,1.1.1.1
developer.socfoundry.com,1.1.1.1
community.socfoundry.com,1.1.1.1
help.socfoundry.com,1.1.1.1
partners.socfoundry.com,1.1.1.1
ads.riselec.com,1.1.1.1
developer.riselec.com,1.1.1.1
community.riselec.com,1.1.1.1
help.riselec.com,1.1.1.1
partners.riselec.com,1.1.1.1
api.twitter.com,1.1.1.1
console.aws.amazon.com,1.1.1.1
usps.com,1.1.1.1
my.ebay.com,1.1.1.1
developer.paypal.com,1.1.1.1
aws.amazon.com,1.1.1.1
store.playstation.com,1.1.1.1
developer.playstation.com,1.1.1.1
store.nintendo.com,1.1.1.1
shopify.com,1.1.1.1
developer.shopify.com,1.1.1.1
app.slack.com,1.1.1.1
support.google.com,1.1.1.1
support.facebook.com,1.1.1.1
ads.snapchat.com,1.1.1.1
www.snapchat.com,1.1.1.1
business.snapchat.com,1.1.1.1
business.tiktok.com,1.1.1.1
developers.tiktok.com,1.1.1.1
mail.yahoo.com,1.1.1.1
developer.tiktok.com,1.1.1.1
app.dropbox.com,1.1.1.1
box.com,1.1.1.1
myaccount.google.com,1.1.1.1
signin.ebay.com,1.1.1.1
developer.mozilla.org,1.1.1.1
accounts.snapchat.com,1.1.1.1
portal.office.com,1.1.1.1
products.office.com,1.1.1.1
web.whatsapp.com,1.1.1.1
business.whatsapp.com,1.1.1.1
disneyplus.com,1.1.1.1
careers.google.com,1.1.1.1
developer.box.com,1.1.1.1
business.linkedin.com,1.1.1.1
store.steampowered.com,1.1.1.1
community.steampowered.com,1.1.1.1
partners.steampowered.com,1.1.1.1
developers.steampowered.com,1.1.1.1
blog.steampowered.com,1.1.1.1
store.riotgames.com,1.1.1.1
developers.riotgames.com,1.1.1.1
www.zillow.com,1.1.1.1
developer.apple.com,1.1.1.1
appleinsider.com,1.1.1.1
business.netflix.com,1.1.1.1
yelp.com,1.1.1.1
cloud.ibm.com,1.1.1.1
aws.com,1.1.1.1
store.hp.com,1.1.1.1
developer.intel.com,1.1.1.1
my.apple.com,1.1.1.1
clients.google.com,1.1.1.1
developer.google.com,1.1.1.1
partners.microsoft.com,1.1.1.1
dell.com,1.1.1.1
developer.dell.com,1.1.1.1
support.apple.com,1.1.1.1
photos.google.com,1.1.1.1
translate.google.com,1.1.1.1
maps.google.com,1.1.1.1
drive.google.com,1.1.1.1
myaccount.google.com,1.1.1.1
signin.amazon.com,1.1.1.1
portal.microsoft.com,1.1.1.1
calendar.yahoo.com,1.1.1.1
newsroom.google.com,1.1.1.1
events.apple.com,1.1.1.1
cloud.microsoft.com,1.1.1.1
travel.google.com,1.1.1.1
signin.apple.com,1.1.1.1
signin.yahoo.com,1.1.1.1
news.apple.com,1.1.1.1
developer.paypal.com,1.1.1.1
payments.google.com,1.1.1.1
partners.google.com,1.1.1.1
news.yahoo.com,1.1.1.1
icloud.com,1.1.1.1
cloudflare.com,1.1.1.1
portal.amazon.com,1.1.1.1
signin.paypal.com,1.1.1.1
support.microsoft.com,1.1.1.1
weather.yahoo.com,1.1.1.1
accounts.paypal.com,1.1.1.1
games.yahoo.com,1.1.1.1
biz.linkedin.com,1.1.1.1
yahoo.com,1.1.1.1
support.google.com,1.1.1.1
photos.yahoo.com,1.1.1.1
events.google.com,1.1.1.1
developer.paypal.com,1.1.1.1
www.paypal.com,1.1.1.1
twitter.com,1.1.1.1
signin.paypal.com,1.1.1.1
support.apple.com,1.1.1.1
shopify.com,1.1.1.1
zoom.us,1.1.1.1
events.apple.com,1.1.1.1
usps.com,1.1.1.1
cloudflare.com,1.1.1.1
slack.com,1.1.1.1
drive.google.com,1.1.1.1
calendar.google.com,1.1.1.1
icloud.com,1.1.1.1
translate.google.com,1.1.1.1
signin.apple.com,1.1.1.1
support.paypal.com,1.1.1.1
developers.facebook.com,1.1.1.1
developers.google.com,1.1.1.1
business.snapchat.com,1.1.1.1
web.whatsapp.com,1.1.1.1
support.microsoft.com,1.1.1.1
developer.snapchat.com,1.1.1.1
signin.ebay.com,1.1.1.1
play.google.com,1.1.1.1
support.google.com,1.1.1.1
calendar.yahoo.com,1.1.1.1
my.ebay.com,1.1.1.1
cloud.microsoft.com,1.1.1.1
translate.google.com,1.1.1.1
events.yahoo.com,1.1.1.1
signin.amazon.com,1.1.1.1
maps.google.com,1.1.1.1
clients.google.com,1.1.1.1
signin.apple.com,1.1.1.1
portal.yahoo.com,1.1.1.1
cloud.amazon.com,1.1.1.1
biz.linkedin.com,1.1.1.1
cloud.ibm.com,1.1.1.1
developer.mozilla.org,1.1.1.1
yahoo.com,1.1.1.1
developer.paypal.com,1.1.1.1
partners.google.com,1.1.1.1
icloud.com,1.1.1.1
developer.linkedin.com,1.1.1.1
developer.shopify.com,1.1.1.1
my.ebay.com,1.1.1.1
signin.google.com,1.1.1.1
portal.microsoft.com,1.1.1.1
usps.com,1.1.1.1
zoom.us,1.1.1.1
signin.paypal.com,1.1.1.1
photos.google.com,1.1.1.1
games.yahoo.com,1.1.1.1
signin.ebay.com,1.1.1.1
partners.microsoft.com,1.1.1.1
calendar.google.com,1.1.1.1
developers.apple.com,1.1.1.1
signin.paypal.com,1.1.1.1
store.apple.com,1.1.1.1
play.google.com,1.1.1.1
translate.google.com,1.1.1.1
support.apple.com,1.1.1.1
developer.google.com,1.1.1.1
developer.shopify.com,1.1.1.1
developers.snapchat.com,1.1.1.1
drive.google.com,1.1.1.1
support.google.com,1.1.1.1
business.linkedin.com,1.1.1.1
web.whatsapp.com,1.1.1.1
developers.tiktok.com,1.1.1.1
developers.box.com,1.1.1.1
calendar.apple.com,1.1.1.1
translate.yahoo.com,1.1.1.1
developers.microsoft.com,1.1.1.1
signin.linkedin.com,1.1.1.1
developer.apple.com,1.1.1.1
developers.tiktok.com,1.1.1.1
support.snapchat.com,1.1.1.1
www.nasa.gov,1.1.1.1
partners.google.com,1.1.1.1
shopify.com,1.1.1.1
developer.paypal.com,1.1.1.1
business.microsoft.com,1.1.1.1
www.microsoft.com,1.1.1.1
help.apple.com,1.1.1.1
yelp.com,1.1.1.1
developer.mozilla.org,1.1.1.1
partners.microsoft.com,1.1.1.1
partners.apple.com,1.1.1.1
accounts.google.com,1.1.1.1
support.microsoft.com,1.1.1.1
developer.microsoft.com,1.1.1.1
web.whatsapp.com,1.1.1.1
drive.apple.com,1.1.1.1
developer.apple.com,1.1.1.1
developer.linkedin.com,1.1.1.1
developer.twitch.tv,1.1.1.1
store.steampowered.com,1.1.1.1
developer.tesla.com,1.1.1.1
developer.spotify.com,1.1.1.1
biz.linkedin.com,1.1.1.1
translate.apple.com,1.1.1.1
translate.microsoft.com,1.1.1.1
cloud.apple.com,1.1.1.1
support.dropbox.com,1.1.1.1
translate.bing.com,1.1.1.1
developer.dropbox.com,1.1.1.1
partners.microsoft.com,1.1.1.1
support.box.com,1.1.1.1
events.linkedin.com,1.1.1.1
community.apple.com,1.1.1.1
developer.zoom.us,1.1.1.1
portal.linkedin.com,1.1.1.1
www.debian.org,1.1.1.1
calendar.apple.com,1.1.1.1
community.google.com,1.1.1.1
developer.skype.com,1.1.1.1
partners.apple.com,1.1.1.1
developer.huawei.com,1.1.1.1
developer.google.com,1.1.1.1
partners.dropbox.com,1.1.1.1
developer.facebook.com,1.1.1.1
developer.microsoft.com,1.1.1.1
store.hp.com,1.1.1.1
calendar.microsoft.com,1.1.1.1
developer.intel.com,1.1.1.1
store.apple.com,1.1.1.1
developer.paypal.com,1.1.1.1
community.microsoft.com,1.1.1.1
developer.tesla.com,1.1.1.1
partners.apple.com,1.1.1.1
developer.spotify.com,1.1.1.1
developers.microsoft.com,1.1.1.1
developer.debian.org,1.1.1.1
partners.microsoft.com,1.1.1.1
partners.dropbox.com,1.1.1.1
partners.microsoft.com,1.1.1.1
developer.salesforce.com,1.1.1.1
developer.spotify.com,1.1.1.1
developer.hp.com,1.1.1.1
developer.apple.com,1.1.1.1
store.hp.com,1.1.1.1
calendar.google.com,1.1.1.1
support.microsoft.com,1.1.1.1
icloud.com,1.1.1.1
translate.apple.com,1.1.1.1
developer.intel.com,1.1.1.1
calendar.debian.org,1.1.1.1
store.apple.com,1.1.1.1
developer.twitch.tv,1.1.1.1
developer.hp.com,1.1.1.1
developers.microsoft.com,1.1.1.1
events.linkedin.com,1.1.1.1
translate.google.com,1.1.1.1
developers.apple.com,1.1.1.1
partners.hp.com,1.1.1.1
calendar.google.com,1.1.1.1
calendar.microsoft.com,1.1.1.1
translate.apple.com,1.1.1.1
developer.microsoft.com,1.1.1.1
cloud.microsoft.com,1.1.1.1
support.microsoft.com,1.1.1.1
calendar.google.com,1.1.1.1
developer.microsoft.com,1.1.1.1
developer.dropbox.com,1.1.1.1
calendar.microsoft.com,1.1.1.1
developer.skype.com,1.1.1.1
abc.net.au,1.1.1.1
news.com.au,1.1.1.1
seek.com.au,1.1.1.1
smh.com.au,1.1.1.1
realestate.com.au,1.1.1.1
domain.com.au,1.1.1.1
gumtree.com.au,1.1.1.1
theaustralian.com.au,1.1.1.1
coles.com.au,1.1.1.1
woolworths.com.au,1.1.1.1
translate.google.com,1.1.1.1
partners.microsoft.com,1.1.1.1
developers.apple.com,1.1.1.1
developer.salesforce.com,1.1.1.1
translate.bing.com,1.1.1.1
translate.google.com,1.1.1.1
developer.apple.com,1.1.1.1
translate.google.com,1.1.1.1
developer.debian.org,1.1.1.1
developer.dropbox.com,1.1.1.1
translate.apple.com,1.1.1.1
developer.intel.com,1.1.1.1
translate.bing.com,1.1.1.1
developer.apple.com,1.1.1.1
translate.google.com,1.1.1.1
partners.hp.com,1.1.1.1
translate.apple.com,1.1.1.1
calendar.google.com,1.1.1.1
translate.microsoft.com,1.1.1.1
translate.apple.com,1.1.1.1
translate.bing.com,1.1.1.1
translate.apple.com,1.1.1.1
partners.hp.com,1.1.1.1
translate.google.com,1.1.1.1
calendar.google.com,1.1.1.1
translate.bing.com,1.1.1.1
developer.apple.com,1.1.1.1
calendar.microsoft.com,1.1.1.1
stackoverflow.com,1.1.1.1
booking.com,1.1.1.1
hulu.com,1.1.1.1
bbc.com,1.1.1.1
cnn.com,1.1.1.1
walmart.com,1.1.1.1
craigslist.org,1.1.1.1
weather.com,1.1.1.1
etsy.com,1.1.1.1
imdb.com,1.1.1.1
twitch.tv,1.1.1.1
nytimes.com,1.1.1.1
businessinsider.com,1.1.1.1
bbc.co.uk,1.1.1.1
usatoday.com,1.1.1.1
buzzfeed.com,1.1.1.1
cnet.com,1.1.1.1
vice.com,1.1.1.1
hbr.org,1.1.1.1
forbes.com,1.1.1.1
npr.org,1.1.1.1
github.io,1.1.1.1
theverge.com,1.1.1.1
mashable.com,1.1.1.1
washingtonpost.com,1.1.1.1
techcrunch.com,1.1.1.1
vimeo.com,1.1.1.1
time.com,1.1.1.1
reuters.com,1.1.1.1
medium.com,1.1.1.1
giphy.com,1.1.1.1
ted.com,1.1.1.1
unsplash.com,1.1.1.1
deviantart.com,1.1.1.1
dailymotion.com,1.1.1.1
dropbox.com,1.1.1.1
wikihow.com,1.1.1.1
soundcloud.com,1.1.1.1
pinterest.com,1.1.1.1
myspace.com,1.1.1.1
livejournal.com,1.1.1.1
ycombinator.com,1.1.1.1
9gag.com,1.1.1.1
zomato.com,1.1.1.1
archive.org,1.1.1.1
meetup.com,1.1.1.1
rottentomatoes.com,1.1.1.1
theguardian.com,1.1.1.1
flickr.com,1.1.1.1
expedia.com,1.1.1.1
trivago.com,1.1.1.1
microsoft.com,1.1.1.1
bloomberg.com,1.1.1.1
tripadvisor.com,1.1.1.1
usnews.com,1.1.1.1
finance.yahoo.com,1.1.1.1
skype.com,1.1.1.1
zendesk.com,1.1.1.1
coursera.org,1.1.1.1
udemy.com,1.1.1.1
khanacademy.org,1.1.1.1
pluralsight.com,1.1.1.1
edx.org,1.1.1.1
udacity.com,1.1.1.1
codecademy.com,1.1.1.1
duolingo.com,1.1.1.1
trello.com,1.1.1.1
asana.com,1.1.1.1
zoom.us,1.1.1.1
wework.com,1.1.1.1
teamviewer.com,1.1.1.1
box.com,1.1.1.1
notion.so,1.1.1.1
monday.com,1.1.1.1
todoist.com,1.1.1.1
twilio.com,1.1.1.1
stripe.com,1.1.1.1
square.com,1.1.1.1
venmo.com,1.1.1.1
coinbase.com,1.1.1.1
binance.com,1.1.1.1
kraken.com,1.1.1.1
robinhood.com,1.1.1.1
etrade.com,1.1.1.1
chase.com,1.1.1.1
wellsfargo.com,1.1.1.1
bankofamerica.com,1.1.1.1
capitalone.com,1.1.1.1
discover.com,1.1.1.1
pnc.com,1.1.1.1
paypal.com,1.1.1.1
revolut.com,1.1.1.1
airbnb.com,1.1.1.1
uber.com,1.1.1.1
lyft.com,1.1.1.1
doordash.com,1.1.1.1
grubhub.com,1.1.1.1
postmates.com,1.1.1.1
overstock.com,1.1.1.1
homeadvisor.com,1.1.1.1
zillow.com,1.1.1.1
wayfair.com,1.1.1.1
redfin.com,1.1.1.1
opendoor.com,1.1.1.1
payscale.com,1.1.1.1
glassdoor.com,1.1.1.1
indeed.com,1.1.1.1
monster.com,1.1.1.1
careerbuilder.com,1.1.1.1
simplyhired.com,1.1.1.1
ziprecruiter.com,1.1.1.1
angellist.com,1.1.1.1
rover.com,1.1.1.1
care.com,1.1.1.1
taskrabbit.com,1.1.1.1
handy.com,1.1.1.1
thumbtack.com,1.1.1.1
gigmasters.com,1.1.1.1
soundstripe.com,1.1.1.1
envato.com,1.1.1.1
themeforest.net,1.1.1.1
shutterstock.com,1.1.1.1
gettyimages.com,1.1.1.1
istockphoto.com,1.1.1.1
pond5.com,1.1.1.1
adobe.com,1.1.1.1
canva.com,1.1.1.1
fiverr.com,1.1.1.1
upwork.com,1.1.1.1
guru.com,1.1.1.1
peopleperhour.com,1.1.1.1
toptal.com,1.1.1.1
99designs.com,1.1.1.1
designcrowd.com,1.1.1.1
dribbble.com,1.1.1.1
behance.net,1.1.1.1
creativebloq.com,1.1.1.1
artstation.com,1.1.1.1
pixabay.com,1.1.1.1
pexels.com,1.1.1.1
unsplash.com,1.1.1.1
weheartit.com,1.1.1.1
deviantart.com,1.1.1.1
colorlib.com,1.1.1.1
a8.net,1.1.1.1
rakuten.com,1.1.1.1
cj.com,1.1.1.1
impact.com,1.1.1.1
awin.com,1.1.1.1
shareasale.com,1.1.1.1
clickbank.com,1.1.1.1
flexoffers.com,1.1.1.1
myntra.com,1.1.1.1
flipkart.com,1.1.1.1
shopclues.com,1.1.1.1
snapdeal.com,1.1.1.1
paytm.com,1.1.1.1
bigbasket.com,1.1.1.1
swiggy.com,1.1.1.1
zomato.com,1.1.1.1
bookmyshow.com,1.1.1.1
hotstar.com,1.1.1.1
primevideo.com,1.1.1.1
crunchyroll.com,1.1.1.1
funimation.com,1.1.1.1
anilist.co,1.1.1.1
myanimelist.net,1.1.1.1
sketchfab.com,1.1.1.1
turbosquid.com,1.1.1.1
cgtrader.com,1.1.1.1
blender.org,1.1.1.1
autodesk.com,1.1.1.1
unrealengine.com,1.1.1.1
unity.com,1.1.1.1
godotengine.org,1.1.1.1
itch.io,1.1.1.1
gog.com,1.1.1.1
epicgames.com,1.1.1.1
battle.net,1.1.1.1
steamcommunity.com,1.1.1.1
origin.com,1.1.1.1
ubisoft.com,1.1.1.1
ea.com,1.1.1.1
riotgames.com,1.1.1.1
bungie.net,1.1.1.1
square-enix.com,1.1.1.1
rockstargames.com,1.1.1.1
nvidia.com,1.1.1.1
amd.com,1.1.1.1
corsair.com,1.1.1.1
razer.com,1.1.1.1
logitech.com,1.1.1.1
nintendo.com,1.1.1.1
playstation.com,1.1.1.1
xbox.com,1.1.1.1
gamestop.com,1.1.1.1
ebgames.com,1.1.1.1
kotaku.com,1.1.1.1
ign.com,1.1.1.1
gamesradar.com,1.1.1.1
gameinformer.com,1.1.1.1
polygon.com,1.1.1.1
destructoid.com,1.1.1.1
gamefaqs.com,1.1.1.1
howtogeek.com,1.1.1.1
makeuseof.com,1.1.1.1
techradar.com,1.1.1.1
arstechnica.com,1.1.1.1
tomshardware.com,1.1.1.1
digitaltrends.com,1.1.1.1
theverge.com,1.1.1.1
wired.com,1.1.1.1
macrumors.com,1.1.1.1
androidauthority.com,1.1.1.1
9to5mac.com,1.1.1.1
gsmarena.com,1.1.1.1
phonearena.com,1.1.1.1
xda-developers.com,1.1.1.1
anandtech.com,1.1.1.1
techspot.com,1.1.1.1
ubuntuforums.org,1.1.1.1
linuxmint.com,1.1.1.1
debian.org,1.1.1.1
fedoraproject.org,1.1.1.1
archlinux.org,1.1.1.1
manjaro.org,1.1.1.1
gentoo.org,1.1.1.1
centos.org,1.1.1.1
redhat.com,1.1.1.1
suse.com,1.1.1.1
canonical.com,1.1.1.1
nginx.com,1.1.1.1
apache.org,1.1.1.1
mysql.com,1.1.1.1
postgresql.org,1.1.1.1
mariadb.org,1.1.1.1
sqlite.org,1.1.1.1
mongodb.com,1.1.1.1
redis.io,1.1.1.1
cassandra.apache.org,1.1.1.1
elasticsearch.org,1.1.1.1
kubernetes.io,1.1.1.1
docker.com,1.1.1.1
jenkins.io,1.1.1.1
travis-ci.com,1.1.1.1
circleci.com,1.1.1.1
github.com,1.1.1.1
gitlab.com,1.1.1.1
bitbucket.org,1.1.1.1
sourceforge.net,1.1.1.1
git-scm.com,1.1.1.1
npmjs.com,1.1.1.1
rubygems.org,1.1.1.1
pypi.org,1.1.1.1
cpan.org,1.1.1.1
cran.r-project.org,1.1.1.1
metacpan.org,1.1.1.1
maven.apache.org,1.1.1.1
gradle.org,1.1.1.1
jetbrains.com,1.1.1.1
stuff.co.nz,1.1.1.1
trademe.co.nz,1.1.1.1
nzherald.co.nz,1.1.1.1
countdown.co.nz,1.1.1.1
metservice.com,1.1.1.1
